id,year,class,no,name,kana,sex
s25a10,1,A,1,青木　杏奈,あおき　あんな,2
s25a26,1,A,2,荒木　和奏,あらき　わかな,2
s25a15,1,A,3,安藤　彩,あんどう　あや,2
s25a40,1,A,4,五十嵐　雄大,いがらし　ゆうだい,1
s25a14,1,A,5,石川　隼人,いしかわ　はやと,1
s25a38,1,A,6,上田　徹,うえだ　とおる,1
s25a16,1,A,7,梅田　愛莉,うめだ　あいり,2
s25a32,1,A,8,太田　朋香,おおた　ともか,2
s25a12,1,A,9,大西　樹,おおにし　いつき,1
s25a39,1,A,10,岡本　颯志,おかもと　そうし,1
s25a08,1,A,11,小川　瑛太,おがわ　えいた,1
s25a21,1,A,12,小田　沙織,おだ　さおり,2
s25a31,1,A,13,加藤　一翔,かとう　かずと,1
s25a20,1,A,14,河合　心春,かわい　こはる,2
s25a35,1,A,15,河合　優希,かわい　ゆうき,2
s25a18,1,A,16,川田　悠生,かわだ　ゆうき,1
s25a17,1,A,17,北村　莉愛,きたむら　りあ,2
s25a06,1,A,18,久保田　直樹,くぼた　なおき,1
s25a07,1,A,19,栗原　航,くりはら　わたる,1
s25a27,1,A,20,小林　蒼,こばやし　あおい,1
s25a24,1,A,21,小林　優,こばやし　ゆう,1
s25a09,1,A,22,近藤　結愛,こんどう　ゆあ,2
s25a22,1,A,23,須田　美優,すだ　みゆ,2
s25a34,1,A,24,田中　花音,たなか　かのん,2
s25a13,1,A,25,中島　颯,なかじま　はやて,1
s25a04,1,A,26,成田　真翔,なりた　まなと,1
s25a25,1,A,27,西川　拓也,にしかわ　たくや,1
s25a23,1,A,28,野口　玲奈,のぐち　れいな,2
s25a05,1,A,29,東　颯也,ひがし　そうや,1
s25a11,1,A,30,藤本　瑛太,ふじもと　えいた,1
s25a03,1,A,31,藤本　さくら,ふじもと　さくら,2
s25a33,1,A,32,堀　健太,ほり　けんた,1
s25a36,1,A,33,松浦　里奈,まつうら　りな,2
s25a02,1,A,34,松岡　大輔,まつおか　だいすけ,1
s25a01,1,A,35,三宅　玲奈,みやけ　れいな,2
s25a29,1,A,36,宮本　恵,みやもと　めぐみ,2
s25a19,1,A,37,村井　智紀,むらい　ともき,1
s25a37,1,A,38,村田　大和,むらた　やまと,1
s25a30,1,A,39,山内　美紗,やまうち　みさ,2
s25a28,1,A,40,渡辺　悠,わたなべ　はるか,1
s25b32,1,B,1,五十嵐　陸,いがらし　りく,1
s25b19,1,B,2,五十嵐　凛,いがらし　りん,2
s25b28,1,B,3,石田　蓮,いしだ　れん,1
s25b21,1,B,4,石原　優花,いしはら　ゆうか,2
s25b15,1,B,5,岩田　颯,いわた　はやて,1
s25b24,1,B,6,遠藤　陽翔,えんどう　はると,1
s25b22,1,B,7,大谷　樹,おおたに　いつき,1
s25b09,1,B,8,長田　大智,おさだ　だいち,1
s25b31,1,B,9,小沢　奈々,おざわ　なな,2
s25b33,1,B,10,片山　裕也,かたやま　ゆうや,1
s25b08,1,B,11,川上　美優,かわかみ　みゆ,2
s25b02,1,B,12,川口　千穂,かわぐち　ちほ,2
s25b34,1,B,13,神田　大翔,かんだ　ひろと,1
s25b40,1,B,14,岸本　彩,きしもと　あや,2
s25b05,1,B,15,河野　和也,こうの　かずや,1
s25b17,1,B,16,河野　ひなた,こうの　ひなた,2
s25b38,1,B,17,小島　陽向,こじま　ひなた,1
s25b27,1,B,18,坂本　翔太,さかもと　しょうた,1
s25b04,1,B,19,清水　智也,しみず　ともや,1
s25b26,1,B,20,清水　優奈,しみず　ゆうな,2
s25b23,1,B,21,新藤　朋香,しんどう　ともか,2
s25b18,1,B,22,鈴木　鈴,すずき　すず,2
s25b01,1,B,23,高田　鈴,たかだ　すず,2
s25b37,1,B,24,高山　健太,たかやま　けんた,1
s25b29,1,B,25,田辺　優,たなべ　ゆう,2
s25b13,1,B,26,中西　健,なかにし　けん,1
s25b16,1,B,27,中村　萌,なかむら　もえ,2
s25b12,1,B,28,中山　隼人,なかやま　はやと,1
s25b14,1,B,29,東　颯,ひがし　はやて,1
s25b39,1,B,30,東　大和,ひがし　やまと,1
s25b36,1,B,31,古川　里奈,ふるかわ　りな,2
s25b03,1,B,32,堀　美紗,ほり　みさ,2
s25b25,1,B,33,増田　雄大,ますだ　ゆうだい,1
s25b30,1,B,34,村井　優,むらい　ゆう,1
s25b07,1,B,35,村田　凛,むらた　りん,2
s25b10,1,B,36,森川　里奈,もりかわ　りな,2
s25b20,1,B,37,山口　凌,やまぐち　りょう,1
s25b35,1,B,38,吉田　海斗,よしだ　かいと,1
s25b06,1,B,39,渡辺　陽介,わたなべ　ようすけ,1
s25b11,1,B,40,和田　楓,わだ　かえで,1
s25c01,1,C,1,青木　大輝,あおき　だいき,1
s25c29,1,C,2,荒木　美桜,あらき　みお,2
s25c30,1,C,3,飯田　俊介,いいだ　しゅんすけ,1
s25c26,1,C,4,石井　未来,いしい　みらい,2
s25c22,1,C,5,今井　美桜,いまい　みお,2
s25c27,1,C,6,大久保　葵,おおくぼ　あおい,2
s25c40,1,C,7,大沢　彩花,おおさわ　あやか,2
s25c31,1,C,8,太田　恭平,おおた　きょうへい,1
s25c24,1,C,9,小田　智紀,おだ　ともき,1
s25c20,1,C,10,河合　健太,かわい　けんた,1
s25c21,1,C,11,菊地　香織,きくち　かおり,2
s25c35,1,C,12,小坂　翔太,こさか　しょうた,1
s25c04,1,C,13,酒井　美陽,さかい　みはる,2
s25c34,1,C,14,坂本　樹,さかもと　いつき,1
s25c25,1,C,15,新藤　蓮,しんどう　れん,1
s25c33,1,C,16,菅原　真央,すがわら　まお,2
s25c38,1,C,17,須藤　凌,すどう　りょう,1
s25c10,1,C,18,高島　圭,たかしま　けい,1
s25c09,1,C,19,高野　瑛太,たかの　えいた,1
s25c15,1,C,20,高野　奈々,たかの　なな,2
s25c06,1,C,21,高山　大成,たかやま　たいせい,1
s25c37,1,C,22,田原　愛莉,たはら　あいり,2
s25c03,1,C,23,長野　心春,ながの　こはる,2
s25c11,1,C,24,成田　颯也,なりた　そうや,1
s25c32,1,C,25,西尾　朝陽,にしお　あさひ,1
s25c16,1,C,26,西川　海斗,にしかわ　かいと,1
s25c12,1,C,27,西村　優,にしむら　ゆう,2
s25c13,1,C,28,早川　悠斗,はやかわ　ゆうと,1
s25c39,1,C,29,福田　拓海,ふくだ　たくみ,1
s25c05,1,C,30,藤井　俊介,ふじい　しゅんすけ,1
s25c36,1,C,31,本田　蓮,ほんだ　れん,1
s25c23,1,C,32,前田　雄大,まえだ　ゆうだい,1
s25c08,1,C,33,松浦　颯介,まつうら　そうすけ,1
s25c17,1,C,34,松尾　千尋,まつお　ちひろ,2
s25c19,1,C,35,松尾　莉子,まつお　りこ,2
s25c18,1,C,36,松下　彩,まつした　あや,2
s25c02,1,C,37,宮田　美奈,みやた　みな,2
s25c07,1,C,38,村井　愛,むらい　あい,2
s25c28,1,C,39,吉岡　直樹,よしおか　なおき,1
s25c14,1,C,40,吉川　恭平,よしかわ　きょうへい,1
s25d22,1,D,1,浅野　大智,あさの　だいち,1
s25d17,1,D,2,安藤　心愛,あんどう　ここあ,2
s25d08,1,D,3,石川　楓,いしかわ　かえで,1
s25d30,1,D,4,遠藤　颯太郎,えんどう　そうたろう,1
s25d33,1,D,5,大野　鈴,おおの　すず,2
s25d39,1,D,6,大野　舞,おおの　まい,2
s25d09,1,D,7,岡本　奏,おかもと　かなで,1
s25d28,1,D,8,岡本　千夏,おかもと　ちなつ,2
s25d13,1,D,9,小沢　智紀,おざわ　ともき,1
s25d16,1,D,10,加藤　翔太,かとう　しょうた,1
s25d20,1,D,11,神田　佳奈,かんだ　かな,2
s25d29,1,D,12,岸本　彰,きしもと　あきら,1
s25d19,1,D,13,木村　祐介,きむら　ゆうすけ,1
s25d03,1,D,14,河野　陽翔,こうの　はると,1
s25d10,1,D,15,小坂　奈々,こさか　なな,2
s25d05,1,D,16,小山　空,こやま　そら,1
s25d11,1,D,17,近藤　鈴,こんどう　すず,2
s25d21,1,D,18,斎藤　心愛,さいとう　ここあ,2
s25d23,1,D,19,菅　美玲,すが　みれい,2
s25d06,1,D,20,杉本　紬,すぎもと　つむぎ,2
s25d01,1,D,21,高野　彩花,たかの　あやか,2
s25d04,1,D,22,長野　空,ながの　そら,1
s25d14,1,D,23,広瀬　陽菜,ひろせ　ひな,2
s25d36,1,D,24,広瀬　悠生,ひろせ　ゆうき,1
s25d32,1,D,25,堀田　一翔,ほりた　かずと,1
s25d15,1,D,26,堀田　隼人,ほりた　はやと,1
s25d40,1,D,27,本田　悠斗,ほんだ　ゆうと,1
s25d24,1,D,28,増田　里奈,ますだ　りな,2
s25d38,1,D,29,松尾　彰,まつお　あきら,1
s25d25,1,D,30,松岡　翔,まつおか　しょう,1
s25d12,1,D,31,松岡　拓也,まつおか　たくや,1
s25d02,1,D,32,三宅　湊,みやけ　みなと,1
s25d34,1,D,33,三宅　陽子,みやけ　ようこ,2
s25d27,1,D,34,宮崎　蒼,みやざき　あおい,1
s25d37,1,D,35,宮田　樹,みやた　いつき,1
s25d35,1,D,36,宮田　桜子,みやた　さくらこ,2
s25d07,1,D,37,村井　香織,むらい　かおり,2
s25d18,1,D,38,森本　優花,もりもと　ゆうか,2
s25d26,1,D,39,山崎　陽介,やまざき　ようすけ,1
s25d31,1,D,40,吉岡　悠,よしおか　はるか,1
s25e33,1,E,1,青山　奏,あおやま　かなで,1
s25e08,1,E,2,阿部　涼香,あべ　すずか,2
s25e25,1,E,3,石川　颯也,いしかわ　そうや,1
s25e01,1,E,4,石川　優,いしかわ　ゆう,2
s25e38,1,E,5,石川　祐介,いしかわ　ゆうすけ,1
s25e32,1,E,6,上田　怜,うえだ　れい,1
s25e15,1,E,7,梅田　陽向,うめだ　ひなた,1
s25e36,1,E,8,大石　鈴,おおいし　すず,2
s25e12,1,E,9,大久保　優太,おおくぼ　ゆうた,1
s25e02,1,E,10,大島　優,おおしま　ゆう,1
s25e09,1,E,11,大野　拓真,おおの　たくま,1
s25e41,1,E,12,小田　心愛,おだ　ここあ,2
s25e17,1,E,13,小野　千尋,おの　ちひろ,2
s25e22,1,E,14,川上　美希,かわかみ　みき,2
s25e34,1,E,15,栗原　大和,くりはら　やまと,1
s25e26,1,E,16,小池　拓海,こいけ　たくみ,1
s25e21,1,E,17,小松　直樹,こまつ　なおき,1
s25e37,1,E,18,島田　芽依,しまだ　めい,2
s25e28,1,E,19,菅原　陽子,すがわら　ようこ,2
s25e05,1,E,20,田口　彰,たぐち　あきら,1
s25e20,1,E,21,武田　美月,たけだ　みづき,2
s25e27,1,E,22,谷口　春樹,たにぐち　はるき,1
s25e18,1,E,23,田村　七海,たむら　ななみ,2
s25e24,1,E,24,田村　美和,たむら　みわ,2
s25e13,1,E,25,中西　圭,なかにし　けい,1
s25e10,1,E,26,中野　慶太,なかの　けいた,1
s25e04,1,E,27,中村　恭平,なかむら　きょうへい,1
s25e39,1,E,28,長尾　美里,ながお　みさと,2
s25e03,1,E,29,原　悠真,はら　ゆうま,1
s25e06,1,E,30,平野　拓真,ひらの　たくま,1
s25e40,1,E,31,藤井　美希,ふじい　みき,2
s25e11,1,E,32,藤井　陽子,ふじい　ようこ,2
s25e14,1,E,33,増田　彩乃,ますだ　あやの,2
s25e19,1,E,34,松井　光,まつい　ひかる,1
s25e29,1,E,35,松岡　優希,まつおか　ゆうき,2
s25e16,1,E,36,三浦　舞,みうら　まい,2
s25e31,1,E,37,水野　大輝,みずの　だいき,1
s25e35,1,E,38,宮崎　龍之介,みやざき　りゅうのすけ,1
s25e30,1,E,39,山田　奈緒,やまだ　なお,2
s25e07,1,E,40,横山　裕也,よこやま　ゆうや,1
s25e23,1,E,41,吉村　雄大,よしむら　ゆうだい,1
s25f25,1,F,1,石川　陽葵,いしかわ　ひまり,2
s25f24,1,F,2,石原　悠斗,いしはら　ゆうと,1
s25f22,1,F,3,今井　結愛,いまい　ゆあ,2
s25f01,1,F,4,内田　健,うちだ　けん,1
s25f02,1,F,5,大川　里奈,おおかわ　りな,2
s25f17,1,F,6,大島　彩花,おおしま　あやか,2
s25f19,1,F,7,小田　直樹,おだ　なおき,1
s25f05,1,F,8,木村　陽向,きむら　ひなた,1
s25f15,1,F,9,小林　新,こばやし　あらた,1
s25f12,1,F,10,近藤　奏,こんどう　かなで,1
s25f06,1,F,11,後藤　湊,ごとう　みなと,1
s25f18,1,F,12,斎藤　翔平,さいとう　しょうへい,1
s25f31,1,F,13,菅原　拓也,すがわら　たくや,1
s25f20,1,F,14,杉山　陽子,すぎやま　ようこ,2
s25f04,1,F,15,鈴木　拓海,すずき　たくみ,1
s25f38,1,F,16,高島　翔平,たかしま　しょうへい,1
s25f16,1,F,17,高田　大和,たかだ　やまと,1
s25f27,1,F,18,武田　俊介,たけだ　しゅんすけ,1
s25f32,1,F,19,田辺　大翔,たなべ　ひろと,1
s25f29,1,F,20,中野　裕也,なかの　ゆうや,1
s25f10,1,F,21,中山　美陽,なかやま　みはる,2
s25f11,1,F,22,西川　慶太,にしかわ　けいた,1
s25f23,1,F,23,西村　恭平,にしむら　きょうへい,1
s25f14,1,F,24,橋本　愛莉,はしもと　あいり,2
s25f30,1,F,25,浜田　葵,はまだ　あおい,2
s25f34,1,F,26,平野　真翔,ひらの　まなと,1
s25f39,1,F,27,平野　真由,ひらの　まゆ,2
s25f08,1,F,28,平山　美桜,ひらやま　みお,2
s25f35,1,F,29,星野　結月,ほしの　ゆづき,2
s25f03,1,F,30,本田　花音,ほんだ　かのん,2
s25f28,1,F,31,前田　颯志,まえだ　そうし,1
s25f21,1,F,32,南　真由,みなみ　まゆ,2
s25f13,1,F,33,宮田　翔太,みやた　しょうた,1
s25f09,1,F,34,宮本　和奏,みやもと　わかな,2
s25f33,1,F,35,森　健,もり　けん,1
s25f37,1,F,36,森川　大成,もりかわ　たいせい,1
s25f07,1,F,37,山内　智也,やまうち　ともや,1
s25f40,1,F,38,山口　優希,やまぐち　ゆうき,2
s25f36,1,F,39,山崎　紗季,やまざき　さき,2
s25f26,1,F,40,吉岡　梨沙,よしおか　りさ,2
s25g20,1,G,1,安藤　陽翔,あんどう　はると,1
s25g18,1,G,2,池田　慶太,いけだ　けいた,1
s25g30,1,G,3,池田　隼人,いけだ　はやと,1
s25g26,1,G,4,今井　瑛太,いまい　えいた,1
s25g17,1,G,5,岩田　颯介,いわた　そうすけ,1
s25g13,1,G,6,遠藤　彩,えんどう　あや,2
s25g14,1,G,7,大橋　颯,おおはし　はやて,1
s25g09,1,G,8,岡崎　萌,おかざき　もえ,2
s25g21,1,G,9,小沢　琴音,おざわ　ことね,2
s25g05,1,G,10,片山　美桜,かたやま　みお,2
s25g01,1,G,11,金子　健太,かねこ　けんた,1
s25g25,1,G,12,河合　瑛太,かわい　えいた,1
s25g06,1,G,13,栗原　颯志,くりはら　そうし,1
s25g10,1,G,14,河野　朋香,こうの　ともか,2
s25g08,1,G,15,菅　美穂,すが　みほ,2
s25g16,1,G,16,杉本　奏,すぎもと　かなで,1
s25g03,1,G,17,高島　真翔,たかしま　まなと,1
s25g27,1,G,18,高野　結斗,たかの　ゆいと,1
s25g19,1,G,19,谷口　大成,たにぐち　たいせい,1
s25g33,1,G,20,田村　愛莉,たむら　あいり,2
s25g38,1,G,21,千葉　未来,ちば　みらい,2
s25g24,1,G,22,中島　健人,なかじま　けんと,1
s25g31,1,G,23,中野　結菜,なかの　ゆな,2
s25g39,1,G,24,中村　新,なかむら　あらた,1
s25g07,1,G,25,中村　美穂,なかむら　みほ,2
s25g11,1,G,26,長野　怜,ながの　れい,1
s25g12,1,G,27,藤田　恭平,ふじた　きょうへい,1
s25g40,1,G,28,藤本　雄大,ふじもと　ゆうだい,1
s25g32,1,G,29,古川　陽子,ふるかわ　ようこ,2
s25g35,1,G,30,堀田　彩乃,ほりた　あやの,2
s25g34,1,G,31,松下　大輝,まつした　だいき,1
s25g15,1,G,32,南　慶太,みなみ　けいた,1
s25g04,1,G,33,南　沙織,みなみ　さおり,2
s25g23,1,G,34,村井　美羽,むらい　みう,2
s25g28,1,G,35,村井　優花,むらい　ゆうか,2
s25g02,1,G,36,村田　結斗,むらた　ゆいと,1
s25g29,1,G,37,森川　恵,もりかわ　めぐみ,2
s25g36,1,G,38,森本　健人,もりもと　けんと,1
s25g22,1,G,39,山口　空,やまぐち　そら,1
s25g37,1,G,40,吉岡　凛,よしおか　りん,2
s25h34,1,H,1,五十嵐　陽葵,いがらし　ひまり,2
s25h17,1,H,2,池田　花音,いけだ　かのん,2
s25h38,1,H,3,稲葉　翔,いなば　しょう,1
s25h40,1,H,4,大川　美玲,おおかわ　みれい,2
s25h21,1,H,5,大橋　佳奈,おおはし　かな,2
s25h15,1,H,6,大森　ひなた,おおもり　ひなた,2
s25h22,1,H,7,岡崎　大河,おかざき　たいが,1
s25h04,1,H,8,岡本　誠,おかもと　まこと,1
s25h30,1,H,9,小川　愛,おがわ　あい,2
s25h24,1,H,10,小野　春樹,おの　はるき,1
s25h07,1,H,11,川口　颯真,かわぐち　そうま,1
s25h11,1,H,12,川村　ひなた,かわむら　ひなた,2
s25h29,1,H,13,菊地　美里,きくち　みさと,2
s25h25,1,H,14,黒田　美玲,くろだ　みれい,2
s25h20,1,H,15,小池　裕也,こいけ　ゆうや,1
s25h31,1,H,16,小林　俊介,こばやし　しゅんすけ,1
s25h32,1,H,17,島田　未来,しまだ　みらい,2
s25h14,1,H,18,杉本　龍之介,すぎもと　りゅうのすけ,1
s25h39,1,H,19,杉山　徹,すぎやま　とおる,1
s25h19,1,H,20,高田　健太,たかだ　けんた,1
s25h37,1,H,21,田原　直人,たはら　なおと,1
s25h23,1,H,22,土屋　葵,つちや　あおい,2
s25h10,1,H,23,中村　結月,なかむら　ゆづき,2
s25h09,1,H,24,長尾　悠生,ながお　ゆうき,1
s25h36,1,H,25,成田　大翔,なりた　ひろと,1
s25h13,1,H,26,西山　翔平,にしやま　しょうへい,1
s25h28,1,H,27,野口　慶太,のぐち　けいた,1
s25h08,1,H,28,服部　千夏,はっとり　ちなつ,2
s25h05,1,H,29,林　海斗,はやし　かいと,1
s25h35,1,H,30,東　真翔,ひがし　まなと,1
s25h12,1,H,31,平田　結衣,ひらた　ゆい,2
s25h18,1,H,32,広瀬　遼太郎,ひろせ　りょうたろう,1
s25h06,1,H,33,藤本　楓,ふじもと　かえで,1
s25h33,1,H,34,堀田　翔太,ほりた　しょうた,1
s25h02,1,H,35,松尾　拓海,まつお　たくみ,1
s25h27,1,H,36,宮田　大智,みやた　だいち,1
s25h03,1,H,37,宮本　美羽,みやもと　みう,2
s25h01,1,H,38,宮本　美咲,みやもと　みさき,2
s25h26,1,H,39,森川　美月,もりかわ　みづき,2
s25h16,1,H,40,森下　誠,もりした　まこと,1
s24a06,2,A,1,青山　七海,あおやま　ななみ,2
s24a36,2,A,2,青山　美紗,あおやま　みさ,2
s24a17,2,A,3,青山　航,あおやま　わたる,1
s24a11,2,A,4,阿部　彰,あべ　あきら,1
s24a26,2,A,5,石原　怜,いしはら　れい,1
s24a10,2,A,6,稲葉　大河,いなば　たいが,1
s24a18,2,A,7,今井　慶太,いまい　けいた,1
s24a05,2,A,8,上野　心愛,うえの　ここあ,2
s24a31,2,A,9,梅田　詩織,うめだ　しおり,2
s24a40,2,A,10,大石　龍之介,おおいし　りゅうのすけ,1
s24a28,2,A,11,大川　奈緒,おおかわ　なお,2
s24a07,2,A,12,金子　智也,かねこ　ともや,1
s24a12,2,A,13,川上　真菜,かわかみ　まな,2
s24a04,2,A,14,川崎　莉愛,かわさき　りあ,2
s24a29,2,A,15,小出　萌,こいで　もえ,2
s24a03,2,A,16,白石　航,しらいし　わたる,1
s24a14,2,A,17,新藤　悠,しんどう　はるか,1
s24a35,2,A,18,杉本　優,すぎもと　ゆう,2
s24a09,2,A,19,杉山　奏,すぎやま　かなで,1
s24a08,2,A,20,鈴木　奏,すずき　かなで,1
s24a25,2,A,21,関　彰,せき　あきら,1
s24a01,2,A,22,谷口　真翔,たにぐち　まなと,1
s24a24,2,A,23,田原　沙織,たはら　さおり,2
s24a23,2,A,24,千葉　海斗,ちば　かいと,1
s24a32,2,A,25,中西　悠里,なかにし　ゆうり,2
s24a16,2,A,26,中野　海斗,なかの　かいと,1
s24a30,2,A,27,西尾　悠斗,にしお　ゆうと,1
s24a20,2,A,28,平山　美羽,ひらやま　みう,2
s24a38,2,A,29,平山　雄大,ひらやま　ゆうだい,1
s24a22,2,A,30,広瀬　美奈,ひろせ　みな,2
s24a27,2,A,31,星野　颯太郎,ほしの　そうたろう,1
s24a34,2,A,32,堀　颯太郎,ほり　そうたろう,1
s24a19,2,A,33,松田　萌,まつだ　もえ,2
s24a39,2,A,34,丸山　陽翔,まるやま　はると,1
s24a21,2,A,35,村田　彩芽,むらた　あやめ,2
s24a15,2,A,36,森　花音,もり　かのん,2
s24a02,2,A,37,森川　陽翔,もりかわ　はると,1
s24a37,2,A,38,森田　悠,もりた　はるか,1
s24a33,2,A,39,横山　翔太,よこやま　しょうた,1
s24a13,2,A,40,横山　大輝,よこやま　だいき,1
s24b29,2,B,1,青山　萌,あおやま　もえ,2
s24b22,2,B,2,浅野　颯太郎,あさの　そうたろう,1
s24b18,2,B,3,阿部　愛莉,あべ　あいり,2
s24b24,2,B,4,池田　真菜,いけだ　まな,2
s24b09,2,B,5,伊藤　奈々,いとう　なな,2
s24b38,2,B,6,稲葉　直樹,いなば　なおき,1
s24b28,2,B,7,大石　大翔,おおいし　ひろと,1
s24b04,2,B,8,大久保　未来,おおくぼ　みらい,2
s24b25,2,B,9,大野　亮太,おおの　りょうた,1
s24b20,2,B,10,長田　圭,おさだ　けい,1
s24b13,2,B,11,片山　翔平,かたやま　しょうへい,1
s24b21,2,B,12,菊地　美陽,きくち　みはる,2
s24b11,2,B,13,岸本　大翔,きしもと　ひろと,1
s24b10,2,B,14,久保　颯太,くぼ　そうた,1
s24b03,2,B,15,小松　大輝,こまつ　だいき,1
s24b26,2,B,16,酒井　楓,さかい　かえで,1
s24b31,2,B,17,清水　健,しみず　けん,1
s24b17,2,B,18,菅　颯太,すが　そうた,1
s24b12,2,B,19,杉山　直樹,すぎやま　なおき,1
s24b14,2,B,20,高島　さくら,たかしま　さくら,2
s24b36,2,B,21,高島　桜子,たかしま　さくらこ,2
s24b34,2,B,22,高野　龍之介,たかの　りゅうのすけ,1
s24b37,2,B,23,竹内　怜,たけうち　れい,1
s24b19,2,B,24,武田　紗季,たけだ　さき,2
s24b27,2,B,25,谷口　智也,たにぐち　ともや,1
s24b39,2,B,26,中川　舞,なかがわ　まい,2
s24b05,2,B,27,中西　真由,なかにし　まゆ,2
s24b33,2,B,28,中村　健人,なかむら　けんと,1
s24b32,2,B,29,西村　朋香,にしむら　ともか,2
s24b07,2,B,30,原田　彩乃,はらだ　あやの,2
s24b06,2,B,31,東　凛,ひがし　りん,2
s24b08,2,B,32,広瀬　奈緒,ひろせ　なお,2
s24b15,2,B,33,広瀬　春樹,ひろせ　はるき,1
s24b16,2,B,34,堀　梨沙,ほり　りさ,2
s24b23,2,B,35,村上　怜,むらかみ　れい,1
s24b02,2,B,36,山崎　大成,やまざき　たいせい,1
s24b35,2,B,37,山下　奏,やました　かなで,1
s24b01,2,B,38,吉村　智也,よしむら　ともや,1
s24b30,2,B,39,吉村　航,よしむら　わたる,1
s24c11,2,C,1,青山　智也,あおやま　ともや,1
s24c28,2,C,2,阿部　杏,あべ　あん,2
s24c16,2,C,3,阿部　奈々,あべ　なな,2
s24c03,2,C,4,池田　心愛,いけだ　ここあ,2
s24c35,2,C,5,石井　彩芽,いしい　あやめ,2
s24c23,2,C,6,石原　詩織,いしはら　しおり,2
s24c27,2,C,7,井上　凛,いのうえ　りん,2
s24c30,2,C,8,上野　萌,うえの　もえ,2
s24c33,2,C,9,大石　朝陽,おおいし　あさひ,1
s24c21,2,C,10,大竹　悠,おおたけ　はるか,1
s24c04,2,C,11,大西　美紗,おおにし　みさ,2
s24c13,2,C,12,大原　拓真,おおはら　たくま,1
s24c19,2,C,13,小川　結斗,おがわ　ゆいと,1
s24c08,2,C,14,長田　蓮,おさだ　れん,1
s24c26,2,C,15,北村　蒼,きたむら　あおい,1
s24c37,2,C,16,久保田　紗季,くぼた　さき,2
s24c06,2,C,17,黒田　芽依,くろだ　めい,2
s24c34,2,C,18,小坂　朝陽,こさか　あさひ,1
s24c10,2,C,19,菅原　俊介,すがわら　しゅんすけ,1
s24c02,2,C,20,杉本　瑛太,すぎもと　えいた,1
s24c38,2,C,21,鈴木　心春,すずき　こはる,2
s24c12,2,C,22,関　俊介,せき　しゅんすけ,1
s24c15,2,C,23,高山　美奈,たかやま　みな,2
s24c20,2,C,24,竹内　千穂,たけうち　ちほ,2
s24c36,2,C,25,橘　陽向,たちばな　ひなた,1
s24c39,2,C,26,田辺　雄大,たなべ　ゆうだい,1
s24c24,2,C,27,中西　大河,なかにし　たいが,1
s24c25,2,C,28,中村　颯也,なかむら　そうや,1
s24c14,2,C,29,中山　梨沙,なかやま　りさ,2
s24c40,2,C,30,西田　朝陽,にしだ　あさひ,1
s24c09,2,C,31,西村　颯太郎,にしむら　そうたろう,1
s24c07,2,C,32,野口　悠,のぐち　はるか,1
s24c05,2,C,33,福田　凛,ふくだ　りん,2
s24c01,2,C,34,松井　陽介,まつい　ようすけ,1
s24c32,2,C,35,南　瑛太,みなみ　えいた,1
s24c17,2,C,36,宮崎　悠生,みやざき　ゆうき,1
s24c29,2,C,37,宮本　奈々,みやもと　なな,2
s24c18,2,C,38,山口　颯,やまぐち　はやて,1
s24c31,2,C,39,横山　奈緒,よこやま　なお,2
s24c22,2,C,40,渡部　蒼,わたべ　あおい,1
s24d19,2,D,1,青木　悠斗,あおき　ゆうと,1
s24d32,2,D,2,飯田　拓也,いいだ　たくや,1
s24d28,2,D,3,五十嵐　健太,いがらし　けんた,1
s24d12,2,D,4,石坂　優太,いしざか　ゆうた,1
s24d21,2,D,5,石田　智紀,いしだ　ともき,1
s24d13,2,D,6,石田　悠,いしだ　はるか,1
s24d02,2,D,7,伊藤　愛菜,いとう　あいな,2
s24d15,2,D,8,梅田　優花,うめだ　ゆうか,2
s24d03,2,D,9,大川　花音,おおかわ　かのん,2
s24d33,2,D,10,大久保　美羽,おおくぼ　みう,2
s24d09,2,D,11,大谷　航,おおたに　わたる,1
s24d25,2,D,12,大野　湊,おおの　みなと,1
s24d34,2,D,13,大原　香織,おおはら　かおり,2
s24d37,2,D,14,小沢　誠,おざわ　まこと,1
s24d04,2,D,15,河合　颯也,かわい　そうや,1
s24d40,2,D,16,川崎　未来,かわさき　みらい,2
s24d31,2,D,17,北村　優,きたむら　ゆう,2
s24d07,2,D,18,工藤　優奈,くどう　ゆうな,2
s24d39,2,D,19,久保田　大河,くぼた　たいが,1
s24d11,2,D,20,黒田　拓真,くろだ　たくま,1
s24d36,2,D,21,黒田　誠,くろだ　まこと,1
s24d14,2,D,22,小島　美優,こじま　みゆ,2
s24d01,2,D,23,小林　楓,こばやし　かえで,1
s24d18,2,D,24,小山　美里,こやま　みさと,2
s24d10,2,D,25,斎藤　健人,さいとう　けんと,1
s24d30,2,D,26,白石　優,しらいし　ゆう,1
s24d29,2,D,27,須田　紬,すだ　つむぎ,2
s24d38,2,D,28,須藤　紗耶,すどう　さや,2
s24d22,2,D,29,高木　朝陽,たかぎ　あさひ,1
s24d06,2,D,30,中田　健人,なかた　けんと,1
s24d16,2,D,31,長野　翔平,ながの　しょうへい,1
s24d17,2,D,32,長野　ひなた,ながの　ひなた,2
s24d08,2,D,33,西村　大河,にしむら　たいが,1
s24d05,2,D,34,平野　優,ひらの　ゆう,1
s24d35,2,D,35,松下　結月,まつした　ゆづき,2
s24d24,2,D,36,山崎　愛,やまざき　あい,2
s24d26,2,D,37,山崎　結斗,やまざき　ゆいと,1
s24d20,2,D,38,山本　颯介,やまもと　そうすけ,1
s24d27,2,D,39,吉川　智也,よしかわ　ともや,1
s24d23,2,D,40,吉田　愛莉,よしだ　あいり,2
s24e07,2,E,1,浅野　颯也,あさの　そうや,1
s24e17,2,E,2,石川　空,いしかわ　そら,1
s24e32,2,E,3,石原　誠,いしはら　まこと,1
s24e15,2,E,4,石原　優奈,いしはら　ゆうな,2
s24e04,2,E,5,岩崎　涼香,いわさき　すずか,2
s24e14,2,E,6,大川　誠,おおかわ　まこと,1
s24e02,2,E,7,大沢　祐介,おおさわ　ゆうすけ,1
s24e19,2,E,8,片山　樹,かたやま　いつき,1
s24e27,2,E,9,片山　拓真,かたやま　たくま,1
s24e01,2,E,10,川上　美月,かわかみ　みづき,2
s24e20,2,E,11,川村　健人,かわむら　けんと,1
s24e12,2,E,12,川村　和奏,かわむら　わかな,2
s24e36,2,E,13,神田　千尋,かんだ　ちひろ,2
s24e33,2,E,14,岸本　恭平,きしもと　きょうへい,1
s24e08,2,E,15,北村　桜子,きたむら　さくらこ,2
s24e03,2,E,16,小坂　颯也,こさか　そうや,1
s24e34,2,E,17,小島　優,こじま　ゆう,1
s24e22,2,E,18,小松　樹,こまつ　いつき,1
s24e16,2,E,19,小山　千穂,こやま　ちほ,2
s24e24,2,E,20,斎藤　杏,さいとう　あん,2
s24e10,2,E,21,酒井　愛莉,さかい　あいり,2
s24e05,2,E,22,酒井　誠,さかい　まこと,1
s24e28,2,E,23,杉山　大成,すぎやま　たいせい,1
s24e06,2,E,24,武田　直人,たけだ　なおと,1
s24e39,2,E,25,橘　翔平,たちばな　しょうへい,1
s24e23,2,E,26,西尾　智也,にしお　ともや,1
s24e37,2,E,27,西田　大河,にしだ　たいが,1
s24e21,2,E,28,早川　慶太,はやかわ　けいた,1
s24e31,2,E,29,平田　悠斗,ひらた　ゆうと,1
s24e29,2,E,30,藤本　結衣,ふじもと　ゆい,2
s24e11,2,E,31,古川　ひなた,ふるかわ　ひなた,2
s24e13,2,E,32,堀　優花,ほり　ゆうか,2
s24e35,2,E,33,本田　里奈,ほんだ　りな,2
s24e09,2,E,34,松下　真翔,まつした　まなと,1
s24e38,2,E,35,三浦　春樹,みうら　はるき,1
s24e18,2,E,36,山内　和也,やまうち　かずや,1
s24e26,2,E,37,山本　紗季,やまもと　さき,2
s24e25,2,E,38,横山　結衣,よこやま　ゆい,2
s24e30,2,E,39,吉岡　七海,よしおか　ななみ,2
s24f09,2,F,1,阿部　楓花,あべ　ふうか,2
s24f36,2,F,2,新井　遼太郎,あらい　りょうたろう,1
s24f03,2,F,3,安藤　大成,あんどう　たいせい,1
s24f02,2,F,4,稲葉　智也,いなば　ともや,1
s24f10,2,F,5,上田　凛,うえだ　りん,2
s24f25,2,F,6,大川　空,おおかわ　そら,1
s24f31,2,F,7,大久保　亮太,おおくぼ　りょうた,1
s24f27,2,F,8,岡田　真由,おかだ　まゆ,2
s24f30,2,F,9,片山　悠,かたやま　はるか,1
s24f23,2,F,10,川田　陸,かわだ　りく,1
s24f04,2,F,11,菊地　美咲,きくち　みさき,2
s24f05,2,F,12,小坂　奏,こさか　かなで,1
s24f18,2,F,13,小林　朋香,こばやし　ともか,2
s24f39,2,F,14,小林　萌,こばやし　もえ,2
s24f14,2,F,15,斎藤　琴音,さいとう　ことね,2
s24f19,2,F,16,酒井　彩,さかい　あや,2
s24f06,2,F,17,新藤　健太,しんどう　けんた,1
s24f26,2,F,18,杉山　智也,すぎやま　ともや,1
s24f13,2,F,19,杉山　真翔,すぎやま　まなと,1
s24f28,2,F,20,杉山　美優,すぎやま　みゆ,2
s24f07,2,F,21,鈴木　悠斗,すずき　ゆうと,1
s24f08,2,F,22,高野　健人,たかの　けんと,1
s24f22,2,F,23,高野　空,たかの　そら,1
s24f40,2,F,24,高山　莉愛,たかやま　りあ,2
s24f37,2,F,25,橘　裕也,たちばな　ゆうや,1
s24f20,2,F,26,田村　颯也,たむら　そうや,1
s24f29,2,F,27,千葉　新,ちば　あらた,1
s24f32,2,F,28,中田　優,なかた　ゆう,2
s24f16,2,F,29,中野　結斗,なかの　ゆいと,1
s24f11,2,F,30,長尾　美穂,ながお　みほ,2
s24f33,2,F,31,藤井　結菜,ふじい　ゆな,2
s24f24,2,F,32,藤本　海斗,ふじもと　かいと,1
s24f01,2,F,33,前田　優,まえだ　ゆう,1
s24f17,2,F,34,丸山　愛菜,まるやま　あいな,2
s24f34,2,F,35,三宅　結愛,みやけ　ゆあ,2
s24f35,2,F,36,村田　健,むらた　けん,1
s24f21,2,F,37,山崎　詩織,やまざき　しおり,2
s24f38,2,F,38,山下　結愛,やました　ゆあ,2
s24f12,2,F,39,山本　雄大,やまもと　ゆうだい,1
s24f15,2,F,40,渡辺　徹,わたなべ　とおる,1
s24g10,2,G,1,池田　優奈,いけだ　ゆうな,2
s24g17,2,G,2,石井　沙織,いしい　さおり,2
s24g14,2,G,3,石坂　紗耶,いしざか　さや,2
s24g23,2,G,4,石田　大智,いしだ　だいち,1
s24g21,2,G,5,岩田　梨沙,いわた　りさ,2
s24g26,2,G,6,神田　大輔,かんだ　だいすけ,1
s24g31,2,G,7,岸本　葵,きしもと　あおい,2
s24g13,2,G,8,栗原　芽依,くりはら　めい,2
s24g28,2,G,9,小池　颯也,こいけ　そうや,1
s24g06,2,G,10,小池　蓮,こいけ　れん,1
s24g29,2,G,11,小出　恵,こいで　めぐみ,2
s24g34,2,G,12,小島　光,こじま　ひかる,1
s24g39,2,G,13,小島　梨沙,こじま　りさ,2
s24g01,2,G,14,後藤　蒼,ごとう　あおい,1
s24g08,2,G,15,佐々木　圭,ささき　けい,1
s24g16,2,G,16,佐藤　奏,さとう　かなで,1
s24g02,2,G,17,清水　拓海,しみず　たくみ,1
s24g18,2,G,18,高島　遥香,たかしま　はるか,2
s24g37,2,G,19,高田　詩織,たかだ　しおり,2
s24g32,2,G,20,高野　遼太郎,たかの　りょうたろう,1
s24g24,2,G,21,竹内　真菜,たけうち　まな,2
s24g30,2,G,22,竹内　悠真,たけうち　ゆうま,1
s24g36,2,G,23,田辺　新,たなべ　あらた,1
s24g19,2,G,24,堤　遼太郎,つつみ　りょうたろう,1
s24g15,2,G,25,永井　陽子,ながい　ようこ,2
s24g38,2,G,26,長野　結斗,ながの　ゆいと,1
s24g22,2,G,27,西尾　新,にしお　あらた,1
s24g12,2,G,28,長谷川　彩乃,はせがわ　あやの,2
s24g05,2,G,29,平山　陽翔,ひらやま　はると,1
s24g07,2,G,30,広瀬　直人,ひろせ　なおと,1
s24g04,2,G,31,福田　真央,ふくだ　まお,2
s24g03,2,G,32,藤原　颯也,ふじわら　そうや,1
s24g20,2,G,33,古川　直人,ふるかわ　なおと,1
s24g40,2,G,34,星野　翔平,ほしの　しょうへい,1
s24g27,2,G,35,堀　彩芽,ほり　あやめ,2
s24g25,2,G,36,宮田　大翔,みやた　ひろと,1
s24g35,2,G,37,村上　颯志,むらかみ　そうし,1
s24g09,2,G,38,森　拓也,もり　たくや,1
s24g11,2,G,39,森本　大成,もりもと　たいせい,1
s24g33,2,G,40,山口　奈緒,やまぐち　なお,2
s24h32,2,H,1,安藤　俊介,あんどう　しゅんすけ,1
s24h25,2,H,2,飯田　美里,いいだ　みさと,2
s24h09,2,H,3,池田　美希,いけだ　みき,2
s24h27,2,H,4,石坂　彩,いしざか　あや,2
s24h13,2,H,5,石田　花音,いしだ　かのん,2
s24h28,2,H,6,伊藤　圭,いとう　けい,1
s24h02,2,H,7,井上　颯也,いのうえ　そうや,1
s24h35,2,H,8,上田　拓海,うえだ　たくみ,1
s24h39,2,H,9,内田　結衣,うちだ　ゆい,2
s24h16,2,H,10,大久保　健太,おおくぼ　けんた,1
s24h11,2,H,11,大谷　優花,おおたに　ゆうか,2
s24h37,2,H,12,大塚　朝陽,おおつか　あさひ,1
s24h26,2,H,13,大橋　奏,おおはし　かなで,1
s24h36,2,H,14,岡田　涼香,おかだ　すずか,2
s24h04,2,H,15,小川　恭平,おがわ　きょうへい,1
s24h29,2,H,16,川崎　拓海,かわさき　たくみ,1
s24h17,2,H,17,川田　未来,かわだ　みらい,2
s24h08,2,H,18,川村　莉央,かわむら　りお,2
s24h20,2,H,19,工藤　真翔,くどう　まなと,1
s24h34,2,H,20,黒田　奏,くろだ　かなで,1
s24h33,2,H,21,小坂　大成,こさか　たいせい,1
s24h38,2,H,22,小林　彩花,こばやし　あやか,2
s24h23,2,H,23,白石　朝陽,しらいし　あさひ,1
s24h21,2,H,24,鈴木　優,すずき　ゆう,2
s24h24,2,H,25,高木　美里,たかぎ　みさと,2
s24h05,2,H,26,田辺　遼太郎,たなべ　りょうたろう,1
s24h30,2,H,27,中田　陽翔,なかた　はると,1
s24h19,2,H,28,中山　彩花,なかやま　あやか,2
s24h12,2,H,29,長尾　颯介,ながお　そうすけ,1
s24h06,2,H,30,西尾　陽翔,にしお　はると,1
s24h18,2,H,31,西川　悠真,にしかわ　ゆうま,1
s24h22,2,H,32,西田　光,にしだ　ひかる,1
s24h10,2,H,33,早川　陽向,はやかわ　ひなた,1
s24h03,2,H,34,東　健太,ひがし　けんた,1
s24h07,2,H,35,宮田　健吾,みやた　けんご,1
s24h15,2,H,36,森本　空,もりもと　そら,1
s24h31,2,H,37,山下　心春,やました　こはる,2
s24h14,2,H,38,山下　ひなた,やました　ひなた,2
s24h01,2,H,39,吉村　美和,よしむら　みわ,2
s24i04,2,I,1,飯田　智紀,いいだ　ともき,1
s24i37,2,I,2,石川　結愛,いしかわ　ゆあ,2
s24i03,2,I,3,井上　舞,いのうえ　まい,2
s24i24,2,I,4,上田　一翔,うえだ　かずと,1
s24i21,2,I,5,上田　結斗,うえだ　ゆいと,1
s24i39,2,I,6,大沢　大和,おおさわ　やまと,1
s24i07,2,I,7,大塚　美桜,おおつか　みお,2
s24i06,2,I,8,大野　結愛,おおの　ゆあ,2
s24i27,2,I,9,岡本　徹,おかもと　とおる,1
s24i12,2,I,10,小沢　樹,おざわ　いつき,1
s24i08,2,I,11,小田　翔太,おだ　しょうた,1
s24i17,2,I,12,川上　陽菜,かわかみ　ひな,2
s24i05,2,I,13,神田　紗季,かんだ　さき,2
s24i18,2,I,14,黒田　航,くろだ　わたる,1
s24i09,2,I,15,小松　新,こまつ　あらた,1
s24i10,2,I,16,清水　佳奈,しみず　かな,2
s24i34,2,I,17,須田　大智,すだ　だいち,1
s24i38,2,I,18,高木　花音,たかぎ　かのん,2
s24i29,2,I,19,高島　朝陽,たかしま　あさひ,1
s24i23,2,I,20,高山　颯真,たかやま　そうま,1
s24i19,2,I,21,橘　涼香,たちばな　すずか,2
s24i01,2,I,22,田辺　空,たなべ　そら,1
s24i26,2,I,23,田辺　裕也,たなべ　ゆうや,1
s24i15,2,I,24,中島　健吾,なかじま　けんご,1
s24i02,2,I,25,中島　陽翔,なかじま　はると,1
s24i22,2,I,26,中田　ひなた,なかた　ひなた,2
s24i25,2,I,27,橋本　大輔,はしもと　だいすけ,1
s24i20,2,I,28,長谷川　大翔,はせがわ　ひろと,1
s24i30,2,I,29,堀内　大智,ほりうち　だいち,1
s24i33,2,I,30,松井　莉央,まつい　りお,2
s24i36,2,I,31,松浦　大輝,まつうら　だいき,1
s24i16,2,I,32,水野　奈緒,みずの　なお,2
s24i32,2,I,33,南　大輝,みなみ　だいき,1
s24i13,2,I,34,村田　美紗,むらた　みさ,2
s24i14,2,I,35,横山　雄大,よこやま　ゆうだい,1
s24i11,2,I,36,横山　里奈,よこやま　りな,2
s24i28,2,I,37,吉岡　颯介,よしおか　そうすけ,1
s24i35,2,I,38,吉村　彩乃,よしむら　あやの,2
s24i31,2,I,39,渡部　芽依,わたべ　めい,2
s23a20,3,A,1,新井　怜,あらい　れい,1
s23a03,3,A,2,安藤　悠真,あんどう　ゆうま,1
s23a12,3,A,3,井上　空,いのうえ　そら,1
s23a24,3,A,4,遠藤　和也,えんどう　かずや,1
s23a30,3,A,5,大川　千尋,おおかわ　ちひろ,2
s23a36,3,A,6,加藤　彩,かとう　あや,2
s23a06,3,A,7,川田　美優,かわだ　みゆ,2
s23a25,3,A,8,菊地　一翔,きくち　かずと,1
s23a28,3,A,9,岸本　一翔,きしもと　かずと,1
s23a13,3,A,10,北村　結衣,きたむら　ゆい,2
s23a14,3,A,11,小池　健吾,こいけ　けんご,1
s23a21,3,A,12,小松　怜,こまつ　れい,1
s23a32,3,A,13,近藤　佳奈,こんどう　かな,2
s23a34,3,A,14,後藤　健人,ごとう　けんと,1
s23a10,3,A,15,新藤　真翔,しんどう　まなと,1
s23a26,3,A,16,高野　花音,たかの　かのん,2
s23a02,3,A,17,田口　和也,たぐち　かずや,1
s23a18,3,A,18,田口　莉愛,たぐち　りあ,2
s23a37,3,A,19,谷口　悠斗,たにぐち　ゆうと,1
s23a17,3,A,20,千葉　陸,ちば　りく,1
s23a04,3,A,21,辻　大翔,つじ　ひろと,1
s23a35,3,A,22,中野　朝陽,なかの　あさひ,1
s23a01,3,A,23,長尾　陽向,ながお　ひなた,1
s23a22,3,A,24,西山　愛莉,にしやま　あいり,2
s23a31,3,A,25,野口　優太,のぐち　ゆうた,1
s23a33,3,A,26,平野　楓,ひらの　かえで,1
s23a19,3,A,27,平野　拓也,ひらの　たくや,1
s23a23,3,A,28,古川　美桜,ふるかわ　みお,2
s23a11,3,A,29,星野　奏,ほしの　かなで,1
s23a15,3,A,30,松浦　慶太,まつうら　けいた,1
s23a09,3,A,31,松浦　颯,まつうら　はやて,1
s23a05,3,A,32,村田　千尋,むらた　ちひろ,2
s23a29,3,A,33,森川　梨沙,もりかわ　りさ,2
s23a08,3,A,34,山口　玲奈,やまぐち　れいな,2
s23a27,3,A,35,山崎　彩乃,やまざき　あやの,2
s23a07,3,A,36,吉田　彰,よしだ　あきら,1
s23a16,3,A,37,渡部　新,わたべ　あらた,1
s23b35,3,B,1,阿部　颯介,あべ　そうすけ,1
s23b20,3,B,2,石井　健,いしい　けん,1
s23b02,3,B,3,石原　里奈,いしはら　りな,2
s23b33,3,B,4,今井　湊,いまい　みなと,1
s23b34,3,B,5,今井　龍之介,いまい　りゅうのすけ,1
s23b27,3,B,6,大石　裕也,おおいし　ゆうや,1
s23b14,3,B,7,大川　亮太,おおかわ　りょうた,1
s23b04,3,B,8,大谷　彰,おおたに　あきら,1
s23b32,3,B,9,大西　優太,おおにし　ゆうた,1
s23b13,3,B,10,大橋　颯也,おおはし　そうや,1
s23b21,3,B,11,大橋　徹,おおはし　とおる,1
s23b24,3,B,12,小沢　航,おざわ　わたる,1
s23b15,3,B,13,河合　真翔,かわい　まなと,1
s23b19,3,B,14,木村　和也,きむら　かずや,1
s23b25,3,B,15,久保田　徹,くぼた　とおる,1
s23b26,3,B,16,後藤　未来,ごとう　みらい,2
s23b23,3,B,17,佐藤　陸,さとう　りく,1
s23b05,3,B,18,杉本　颯太,すぎもと　そうた,1
s23b09,3,B,19,高島　颯介,たかしま　そうすけ,1
s23b31,3,B,20,高野　恭平,たかの　きょうへい,1
s23b16,3,B,21,高野　颯真,たかの　そうま,1
s23b37,3,B,22,永井　颯志,ながい　そうし,1
s23b18,3,B,23,長尾　隼人,ながお　はやと,1
s23b36,3,B,24,西山　瑛太,にしやま　えいた,1
s23b29,3,B,25,原　莉子,はら　りこ,2
s23b22,3,B,26,平山　未来,ひらやま　みらい,2
s23b12,3,B,27,広瀬　優,ひろせ　ゆう,1
s23b07,3,B,28,藤田　颯太郎,ふじた　そうたろう,1
s23b08,3,B,29,藤田　美桜,ふじた　みお,2
s23b10,3,B,30,前田　鈴,まえだ　すず,2
s23b11,3,B,31,松井　花音,まつい　かのん,2
s23b28,3,B,32,松尾　優奈,まつお　ゆうな,2
s23b01,3,B,33,松岡　蓮,まつおか　れん,1
s23b17,3,B,34,三浦　祐介,みうら　ゆうすけ,1
s23b30,3,B,35,森本　誠,もりもと　まこと,1
s23b03,3,B,36,山本　紗耶,やまもと　さや,2
s23b06,3,B,37,吉川　誠,よしかわ　まこと,1
s23c19,3,C,1,浅野　直樹,あさの　なおき,1
s23c23,3,C,2,荒木　恭平,あらき　きょうへい,1
s23c38,3,C,3,安藤　悠斗,あんどう　ゆうと,1
s23c18,3,C,4,石坂　蓮,いしざか　れん,1
s23c17,3,C,5,石田　圭,いしだ　けい,1
s23c07,3,C,6,石田　祐介,いしだ　ゆうすけ,1
s23c28,3,C,7,岩崎　亮太,いわさき　りょうた,1
s23c30,3,C,8,大谷　圭,おおたに　けい,1
s23c09,3,C,9,大谷　颯也,おおたに　そうや,1
s23c15,3,C,10,大森　圭,おおもり　けい,1
s23c02,3,C,11,岡崎　大翔,おかざき　ひろと,1
s23c33,3,C,12,小田　颯太郎,おだ　そうたろう,1
s23c11,3,C,13,小田　湊,おだ　みなと,1
s23c01,3,C,14,川田　真翔,かわだ　まなと,1
s23c25,3,C,15,菊地　彰,きくち　あきら,1
s23c08,3,C,16,栗原　一翔,くりはら　かずと,1
s23c22,3,C,17,黒田　智也,くろだ　ともや,1
s23c16,3,C,18,小林　和也,こばやし　かずや,1
s23c37,3,C,19,小山　颯真,こやま　そうま,1
s23c06,3,C,20,斎藤　翔太,さいとう　しょうた,1
s23c21,3,C,21,関　圭,せき　けい,1
s23c10,3,C,22,高木　健人,たかぎ　けんと,1
s23c32,3,C,23,高橋　朝陽,たかはし　あさひ,1
s23c03,3,C,24,田口　拓真,たぐち　たくま,1
s23c36,3,C,25,竹内　隼人,たけうち　はやと,1
s23c26,3,C,26,武田　祐介,たけだ　ゆうすけ,1
s23c27,3,C,27,中野　航,なかの　わたる,1
s23c13,3,C,28,橋本　颯太郎,はしもと　そうたろう,1
s23c29,3,C,29,原　翔太,はら　しょうた,1
s23c04,3,C,30,平野　大成,ひらの　たいせい,1
s23c05,3,C,31,松井　智也,まつい　ともや,1
s23c35,3,C,32,松浦　健人,まつうら　けんと,1
s23c24,3,C,33,松浦　悠,まつうら　はるか,1
s23c31,3,C,34,松岡　春樹,まつおか　はるき,1
s23c14,3,C,35,山内　徹,やまうち　とおる,1
s23c12,3,C,36,山崎　恭平,やまざき　きょうへい,1
s23c34,3,C,37,山田　大翔,やまだ　ひろと,1
s23c20,3,C,38,山本　真翔,やまもと　まなと,1
s23d17,3,D,1,阿部　智也,あべ　ともや,1
s23d09,3,D,2,荒木　航,あらき　わたる,1
s23d05,3,D,3,石川　真菜,いしかわ　まな,2
s23d07,3,D,4,石原　紬,いしはら　つむぎ,2
s23d35,3,D,5,岩田　優,いわた　ゆう,2
s23d24,3,D,6,上田　俊介,うえだ　しゅんすけ,1
s23d20,3,D,7,大竹　陽菜,おおたけ　ひな,2
s23d31,3,D,8,大野　奈々,おおの　なな,2
s23d30,3,D,9,大橋　美陽,おおはし　みはる,2
s23d25,3,D,10,小川　真菜,おがわ　まな,2
s23d08,3,D,11,小川　美咲,おがわ　みさき,2
s23d02,3,D,12,加藤　颯也,かとう　そうや,1
s23d21,3,D,13,川田　紗耶,かわだ　さや,2
s23d38,3,D,14,神田　楓,かんだ　かえで,1
s23d06,3,D,15,岸本　萌,きしもと　もえ,2
s23d22,3,D,16,木村　涼香,きむら　すずか,2
s23d04,3,D,17,久保田　大翔,くぼた　ひろと,1
s23d39,3,D,18,小池　琴音,こいけ　ことね,2
s23d13,3,D,19,小出　琴音,こいで　ことね,2
s23d29,3,D,20,近藤　健,こんどう　けん,1
s23d14,3,D,21,後藤　美里,ごとう　みさと,2
s23d01,3,D,22,佐々木　陽翔,ささき　はると,1
s23d27,3,D,23,島田　美優,しまだ　みゆ,2
s23d12,3,D,24,菅原　美玲,すがわら　みれい,2
s23d18,3,D,25,杉山　大河,すぎやま　たいが,1
s23d36,3,D,26,鈴木　美桜,すずき　みお,2
s23d15,3,D,27,鈴木　梨沙,すずき　りさ,2
s23d19,3,D,28,高島　千夏,たかしま　ちなつ,2
s23d33,3,D,29,橘　陽介,たちばな　ようすけ,1
s23d28,3,D,30,長野　舞,ながの　まい,2
s23d32,3,D,31,成田　悠生,なりた　ゆうき,1
s23d23,3,D,32,西川　一翔,にしかわ　かずと,1
s23d37,3,D,33,野口　颯太,のぐち　そうた,1
s23d16,3,D,34,松井　結斗,まつい　ゆいと,1
s23d10,3,D,35,南　紗耶,みなみ　さや,2
s23d11,3,D,36,村田　美和,むらた　みわ,2
s23d40,3,D,37,山口　千尋,やまぐち　ちひろ,2
s23d03,3,D,38,吉田　亮太,よしだ　りょうた,1
s23d26,3,D,39,吉村　健,よしむら　けん,1
s23d34,3,D,40,渡部　颯太郎,わたべ　そうたろう,1
s23e22,3,E,1,青山　遥香,あおやま　はるか,2
s23e02,3,E,2,浅野　隼人,あさの　はやと,1
s23e36,3,E,3,新井　奏,あらい　かなで,1
s23e25,3,E,4,新井　大翔,あらい　ひろと,1
s23e05,3,E,5,新井　悠里,あらい　ゆうり,2
s23e10,3,E,6,池田　怜,いけだ　れい,1
s23e08,3,E,7,石川　美希,いしかわ　みき,2
s23e11,3,E,8,石坂　香織,いしざか　かおり,2
s23e28,3,E,9,石田　さくら,いしだ　さくら,2
s23e17,3,E,10,石原　颯志,いしはら　そうし,1
s23e16,3,E,11,大竹　和也,おおたけ　かずや,1
s23e06,3,E,12,岡本　さくら,おかもと　さくら,2
s23e38,3,E,13,片山　美里,かたやま　みさと,2
s23e23,3,E,14,栗原　優希,くりはら　ゆうき,2
s23e35,3,E,15,小林　心春,こばやし　こはる,2
s23e34,3,E,16,小松　美里,こまつ　みさと,2
s23e29,3,E,17,小山　結月,こやま　ゆづき,2
s23e40,3,E,18,坂本　莉央,さかもと　りお,2
s23e32,3,E,19,杉山　結衣,すぎやま　ゆい,2
s23e14,3,E,20,高島　朋香,たかしま　ともか,2
s23e18,3,E,21,高山　颯太郎,たかやま　そうたろう,1
s23e19,3,E,22,田口　樹,たぐち　いつき,1
s23e31,3,E,23,辻　拓海,つじ　たくみ,1
s23e37,3,E,24,堤　真央,つつみ　まお,2
s23e01,3,E,25,中川　陽菜,なかがわ　ひな,2
s23e21,3,E,26,永井　颯太郎,ながい　そうたろう,1
s23e20,3,E,27,西村　智也,にしむら　ともや,1
s23e33,3,E,28,野口　陽子,のぐち　ようこ,2
s23e07,3,E,29,橋本　千夏,はしもと　ちなつ,2
s23e39,3,E,30,長谷川　颯太,はせがわ　そうた,1
s23e30,3,E,31,早川　遥香,はやかわ　はるか,2
s23e09,3,E,32,原田　詩織,はらだ　しおり,2
s23e12,3,E,33,広瀬　美桜,ひろせ　みお,2
s23e27,3,E,34,藤田　楓,ふじた　かえで,1
s23e03,3,E,35,堀田　拓海,ほりた　たくみ,1
s23e24,3,E,36,三浦　和也,みうら　かずや,1
s23e04,3,E,37,三浦　桜子,みうら　さくらこ,2
s23e26,3,E,38,森　莉央,もり　りお,2
s23e13,3,E,39,森下　優太,もりした　ゆうた,1
s23e15,3,E,40,吉田　愛菜,よしだ　あいな,2
s23f23,3,F,1,五十嵐　悠真,いがらし　ゆうま,1
s23f38,3,F,2,池田　美玲,いけだ　みれい,2
s23f24,3,F,3,池田　航,いけだ　わたる,1
s23f21,3,F,4,石川　楓花,いしかわ　ふうか,2
s23f12,3,F,5,石坂　葵,いしざか　あおい,2
s23f35,3,F,6,石坂　莉子,いしざか　りこ,2
s23f11,3,F,7,大川　樹,おおかわ　いつき,1
s23f27,3,F,8,大森　陽子,おおもり　ようこ,2
s23f36,3,F,9,岡田　拓也,おかだ　たくや,1
s23f03,3,F,10,加藤　彩乃,かとう　あやの,2
s23f20,3,F,11,久保田　莉央,くぼた　りお,2
s23f09,3,F,12,黒田　結菜,くろだ　ゆな,2
s23f28,3,F,13,小島　直樹,こじま　なおき,1
s23f25,3,F,14,後藤　美羽,ごとう　みう,2
s23f05,3,F,15,斎藤　奈々,さいとう　なな,2
s23f16,3,F,16,佐藤　紗耶,さとう　さや,2
s23f10,3,F,17,柴田　誠,しばた　まこと,1
s23f40,3,F,18,菅　優,すが　ゆう,2
s23f37,3,F,19,菅　凛,すが　りん,2
s23f18,3,F,20,高野　隼人,たかの　はやと,1
s23f29,3,F,21,谷口　結菜,たにぐち　ゆな,2
s23f13,3,F,22,土屋　慶太,つちや　けいた,1
s23f15,3,F,23,中島　悠斗,なかじま　ゆうと,1
s23f30,3,F,24,中島　結菜,なかじま　ゆな,2
s23f34,3,F,25,中西　真翔,なかにし　まなと,1
s23f41,3,F,26,中野　大和,なかの　やまと,1
s23f01,3,F,27,永井　慶太,ながい　けいた,1
s23f17,3,F,28,西村　彩,にしむら　あや,2
s23f33,3,F,29,長谷川　恵,はせがわ　めぐみ,2
s23f04,3,F,30,林　祐介,はやし　ゆうすけ,1
s23f02,3,F,31,平山　悠生,ひらやま　ゆうき,1
s23f22,3,F,32,藤本　陽介,ふじもと　ようすけ,1
s23f06,3,F,33,松浦　彰,まつうら　あきら,1
s23f08,3,F,34,松下　彩花,まつした　あやか,2
s23f39,3,F,35,松下　美咲,まつした　みさき,2
s23f14,3,F,36,水野　心愛,みずの　ここあ,2
s23f07,3,F,37,水野　心春,みずの　こはる,2
s23f26,3,F,38,南　美月,みなみ　みづき,2
s23f31,3,F,39,村井　彩乃,むらい　あやの,2
s23f32,3,F,40,村田　拓海,むらた　たくみ,1
s23f19,3,F,41,山口　陽介,やまぐち　ようすけ,1
s23g04,3,G,1,青山　里奈,あおやま　りな,2
s23g36,3,G,2,荒木　春樹,あらき　はるき,1
s23g33,3,G,3,荒木　優,あらき　ゆう,1
s23g17,3,G,4,石井　裕也,いしい　ゆうや,1
s23g32,3,G,5,今井　涼香,いまい　すずか,2
s23g16,3,G,6,大竹　優太,おおたけ　ゆうた,1
s23g37,3,G,7,大谷　一翔,おおたに　かずと,1
s23g02,3,G,8,大西　奈々,おおにし　なな,2
s23g07,3,G,9,大橋　大智,おおはし　だいち,1
s23g14,3,G,10,川上　優奈,かわかみ　ゆうな,2
s23g12,3,G,11,川村　玲奈,かわむら　れいな,2
s23g09,3,G,12,神田　花音,かんだ　かのん,2
s23g25,3,G,13,神田　美桜,かんだ　みお,2
s23g05,3,G,14,北村　遥香,きたむら　はるか,2
s23g27,3,G,15,久保　千尋,くぼ　ちひろ,2
s23g38,3,G,16,久保田　ひなた,くぼた　ひなた,2
s23g22,3,G,17,久保田　悠里,くぼた　ゆうり,2
s23g39,3,G,18,坂本　梨沙,さかもと　りさ,2
s23g30,3,G,19,佐々木　裕也,ささき　ゆうや,1
s23g11,3,G,20,高木　彩乃,たかぎ　あやの,2
s23g03,3,G,21,武田　葵,たけだ　あおい,2
s23g40,3,G,22,辻　健人,つじ　けんと,1
s23g06,3,G,23,中田　玲奈,なかた　れいな,2
s23g15,3,G,24,永井　和奏,ながい　わかな,2
s23g26,3,G,25,長野　大成,ながの　たいせい,1
s23g31,3,G,26,長野　朋香,ながの　ともか,2
s23g19,3,G,27,成田　海斗,なりた　かいと,1
s23g01,3,G,28,西村　美里,にしむら　みさと,2
s23g28,3,G,29,西山　蓮,にしやま　れん,1
s23g10,3,G,30,野口　優,のぐち　ゆう,1
s23g29,3,G,31,平山　颯太郎,ひらやま　そうたろう,1
s23g21,3,G,32,平山　優花,ひらやま　ゆうか,2
s23g23,3,G,33,藤本　七海,ふじもと　ななみ,2
s23g18,3,G,34,堀田　美桜,ほりた　みお,2
s23g24,3,G,35,村上　大河,むらかみ　たいが,1
s23g13,3,G,36,森川　莉愛,もりかわ　りあ,2
s23g08,3,G,37,森下　徹,もりした　とおる,1
s23g20,3,G,38,森本　陸,もりもと　りく,1
s23g35,3,G,39,吉岡　美希,よしおか　みき,2
s23g34,3,G,40,吉川　隼人,よしかわ　はやと,1
s23h11,3,H,1,浅野　悠斗,あさの　ゆうと,1
s23h31,3,H,2,石坂　優奈,いしざか　ゆうな,2
s23h21,3,H,3,石原　拓海,いしはら　たくみ,1
s23h30,3,H,4,今井　詩織,いまい　しおり,2
s23h09,3,H,5,岩田　健人,いわた　けんと,1
s23h26,3,H,6,岩田　沙織,いわた　さおり,2
s23h38,3,H,7,岩田　遥香,いわた　はるか,2
s23h04,3,H,8,大川　新,おおかわ　あらた,1
s23h20,3,H,9,大島　空,おおしま　そら,1
s23h40,3,H,10,大西　未来,おおにし　みらい,2
s23h39,3,H,11,小野　七海,おの　ななみ,2
s23h15,3,H,12,加藤　結斗,かとう　ゆいと,1
s23h03,3,H,13,川上　愛莉,かわかみ　あいり,2
s23h12,3,H,14,川村　結衣,かわむら　ゆい,2
s23h08,3,H,15,久保田　朋香,くぼた　ともか,2
s23h07,3,H,16,小出　和也,こいで　かずや,1
s23h18,3,H,17,小林　心愛,こばやし　ここあ,2
s23h01,3,H,18,坂本　美奈,さかもと　みな,2
s23h13,3,H,19,杉山　紗季,すぎやま　さき,2
s23h32,3,H,20,杉山　奈緒,すぎやま　なお,2
s23h22,3,H,21,杉山　怜,すぎやま　れい,1
s23h14,3,H,22,田辺　心春,たなべ　こはる,2
s23h25,3,H,23,千葉　美希,ちば　みき,2
s23h17,3,H,24,中田　舞,なかた　まい,2
s23h35,3,H,25,中村　陽向,なかむら　ひなた,1
s23h36,3,H,26,中山　健吾,なかやま　けんご,1
s23h37,3,H,27,西村　徹,にしむら　とおる,1
s23h19,3,H,28,平田　千夏,ひらた　ちなつ,2
s23h16,3,H,29,平野　里奈,ひらの　りな,2
s23h05,3,H,30,藤本　陽子,ふじもと　ようこ,2
s23h28,3,H,31,堀田　健,ほりた　けん,1
s23h27,3,H,32,松浦　圭,まつうら　けい,1
s23h29,3,H,33,松尾　楓,まつお　かえで,1
s23h06,3,H,34,南　さくら,みなみ　さくら,2
s23h24,3,H,35,森川　愛菜,もりかわ　あいな,2
s23h02,3,H,36,森下　俊介,もりした　しゅんすけ,1
s23h34,3,H,37,山下　蒼,やました　あおい,1
s23h23,3,H,38,山下　美陽,やました　みはる,2
s23h33,3,H,39,横山　大翔,よこやま　ひろと,1
s23h10,3,H,40,吉村　和奏,よしむら　わかな,2
s23i11,3,I,1,池田　愛,いけだ　あい,2
s23i26,3,I,2,石田　美紗,いしだ　みさ,2
s23i38,3,I,3,石原　莉愛,いしはら　りあ,2
s23i09,3,I,4,上野　陽子,うえの　ようこ,2
s23i29,3,I,5,大川　航,おおかわ　わたる,1
s23i16,3,I,6,大島　慶太,おおしま　けいた,1
s23i21,3,I,7,大橋　隼人,おおはし　はやと,1
s23i30,3,I,8,岡本　隼人,おかもと　はやと,1
s23i14,3,I,9,小田　美優,おだ　みゆ,2
s23i08,3,I,10,小野　涼香,おの　すずか,2
s23i28,3,I,11,小野　龍之介,おの　りゅうのすけ,1
s23i01,3,I,12,川崎　彩芽,かわさき　あやめ,2
s23i37,3,I,13,川田　心愛,かわだ　ここあ,2
s23i19,3,I,14,菊地　杏奈,きくち　あんな,2
s23i02,3,I,15,岸本　悠生,きしもと　ゆうき,1
s23i24,3,I,16,北村　真由,きたむら　まゆ,2
s23i15,3,I,17,久保　美月,くぼ　みづき,2
s23i07,3,I,18,小出　雄大,こいで　ゆうだい,1
s23i33,3,I,19,小松　奏,こまつ　かなで,1
s23i17,3,I,20,小松　涼香,こまつ　すずか,2
s23i31,3,I,21,酒井　空,さかい　そら,1
s23i20,3,I,22,白石　彩乃,しらいし　あやの,2
s23i10,3,I,23,杉本　七海,すぎもと　ななみ,2
s23i13,3,I,24,谷口　楓花,たにぐち　ふうか,2
s23i05,3,I,25,堤　颯真,つつみ　そうま,1
s23i22,3,I,26,堤　智紀,つつみ　ともき,1
s23i40,3,I,27,堤　優,つつみ　ゆう,2
s23i27,3,I,28,中島　颯介,なかじま　そうすけ,1
s23i36,3,I,29,平山　奏,ひらやま　かなで,1
s23i18,3,I,30,藤田　杏,ふじた　あん,2
s23i23,3,I,31,藤田　真由,ふじた　まゆ,2
s23i35,3,I,32,前田　誠,まえだ　まこと,1
s23i25,3,I,33,宮田　愛,みやた　あい,2
s23i34,3,I,34,宮田　萌,みやた　もえ,2
s23i12,3,I,35,宮田　莉愛,みやた　りあ,2
s23i04,3,I,36,宮本　亮太,みやもと　りょうた,1
s23i32,3,I,37,森川　颯太郎,もりかわ　そうたろう,1
s23i06,3,I,38,森下　未来,もりした　みらい,2
s23i03,3,I,39,山崎　湊,やまざき　みなと,1
s23i39,3,I,40,吉村　千夏,よしむら　ちなつ,2
